<linker>
<assembly fullname="Assembly-CSharp">
<type fullname="BoxTrigger" preserve="all"/>
<type fullname="CameraScript" preserve="all"/>
<type fullname="FlipCharacter" preserve="all"/>
<type fullname="LedgeTrigger" preserve="all"/>
<type fullname="MoveCharacter" preserve="all"/>
<type fullname="MoveObject" preserve="all"/>
<type fullname="PlatformTrigger" preserve="all"/>
<type fullname="PlayerInput" preserve="all"/>
<type fullname="PushObject" preserve="all"/>
</assembly>
<assembly fullname="UnityEngine.Analytics">
<type fullname="UnityEngine.Analytics.AnalyticsTracker" preserve="all"/>
</assembly>
</linker>
